frame_idx,srno,edsr,basicvsrpp,rvrt,resshift50m,wrd_kcs_wsdf
0,0.1695208493,0.2052929509,0.9183907842,0.2955679674,0.1479073860,0.2608253565
1,0.1706965573,0.1990330366,0.9029990930,0.2859384446,0.1430719231,0.2477530275
2,0.1807010427,0.2129079758,0.9388557531,0.2878044685,0.1582187152,0.2596923289
3,0.1734590745,0.2030363580,0.9392768194,0.2876878139,0.1523238145,0.2586428504
4,0.1686157325,0.2009034507,0.9796485515,0.2984107511,0.1474454198,0.2656567054
5,0.1763756539,0.2082575249,0.9660504789,0.3055866521,0.1526490360,0.2679751239
6,0.1689900353,0.2078923738,0.9333974038,0.3044656411,0.1508008199,0.2634318198
7,0.1687102253,0.2023952639,0.9177259018,0.2909055435,0.1504686624,0.2575087196
8,0.1666961648,0.2032820681,0.9456514768,0.2903442210,0.1455512242,0.2520112574
9,0.1684719560,0.2082716345,0.9155243359,0.2917325327,0.1486362184,0.2516760938
10,0.1637464836,0.1969132167,0.9358092857,0.2871462407,0.1464217340,0.2486823160
11,0.1612225789,0.1944680894,0.8843698508,0.2739300675,0.1418157587,0.2478147790
12,0.1649804289,0.1974261985,0.9103769581,0.2885122538,0.1402320235,0.2512235353
13,0.1732730591,0.1992037935,0.8952568819,0.2850291818,0.1458100631,0.2547226087
14,0.1617089705,0.1949057717,0.8392659267,0.2698912988,0.1441488034,0.2330656681
15,0.1529666790,0.1777555377,0.8584549294,0.2522323348,0.1277812963,0.2242565160
16,0.1533483642,0.1813902778,0.8794893087,0.2589119957,0.1293564574,0.2225590652
17,0.1395362712,0.1632191779,0.8625891864,0.2389427331,0.1157472101,0.2110507101
18,0.1398436769,0.1652390012,0.8711810221,0.2446471374,0.1167444894,0.2089648213
19,0.1507070074,0.1842714593,0.9050148797,0.2668947632,0.1311659662,0.2363432667
20,0.1575937024,0.1811987723,0.9284518938,0.2653222861,0.1304697642,0.2348944970
21,0.1582481106,0.1926256756,0.9165398370,0.2793783351,0.1375830333,0.2535508765
22,0.1648028472,0.1947931455,0.9272960925,0.2774679475,0.1450962170,0.2468932075
23,0.1556794260,0.1861971446,0.8765394412,0.2673191272,0.1363326509,0.2329949242
24,0.1577597051,0.1886801490,0.8713601169,0.2682391509,0.1411225893,0.2361678283
25,0.1554414495,0.1893931628,0.8992547518,0.2683846527,0.1331626341,0.2384057641
26,0.1581621513,0.1873526000,0.9644188471,0.2780812133,0.1358173305,0.2452152530
27,0.1657168080,0.1948484026,0.9477848006,0.2867000317,0.1402124208,0.2467016482
28,0.1643956355,0.1940123210,0.9134553008,0.2816009019,0.1412381624,0.2500538588
29,0.1724157469,0.2024131455,0.9512468113,0.2934718612,0.1490881699,0.2525266487
30,0.1732618796,0.2008939420,0.9860225900,0.2906291051,0.1562685133,0.2532971414
31,0.1632387254,0.2000809107,0.9628303374,0.2917117769,0.1444615318,0.2545292602
32,0.1655745926,0.1986885150,0.9502333872,0.2956624576,0.1414404221,0.2529427203
33,0.1793934368,0.2075222831,0.9935198661,0.2954109657,0.1590258812,0.2598665589
34,0.1770720374,0.2067483687,0.9547391627,0.2931538122,0.1565637192,0.2668757856
35,0.1630042432,0.1944153230,0.8825518073,0.2801400361,0.1418820765,0.2471771409
36,0.1712520126,0.2018822254,0.8875075587,0.2826983611,0.1503728427,0.2533679939
37,0.1579286976,0.1829207420,0.8866074214,0.2663856009,0.1387944568,0.2334765501
38,0.1509716037,0.1776597772,0.8883857145,0.2543400687,0.1341702118,0.2220614084
39,0.1482766872,0.1726034580,0.8842763923,0.2592279892,0.1245377418,0.2219047119
40,0.1486396055,0.1801873174,0.8838219553,0.2727164063,0.1269268695,0.2252575965
41,0.1462727649,0.1683592077,0.8542278163,0.2450013392,0.1231642615,0.2157135119
42,0.1418206499,0.1705944591,0.8626187149,0.2563982185,0.1258929660,0.2187454871
43,0.1437928055,0.1737031798,0.8617884795,0.2451979109,0.1246050568,0.2074983666
44,0.1371434573,0.1618800345,0.8637442448,0.2374890627,0.1179965197,0.2023821384
45,0.1329952254,0.1585910458,0.8346676567,0.2360172285,0.1165191590,0.2013844840
46,0.1281825493,0.1543357930,0.8317170738,0.2265880934,0.1058315858,0.1984854460
47,0.1322704797,0.1572081795,0.8602996899,0.2422016669,0.1107160016,0.1997183336
48,0.1311478669,0.1546622374,0.8791404600,0.2337948965,0.1101003031,0.2000493957
49,0.1424127152,0.1699191663,0.8305925836,0.2537886139,0.1234923778,0.2072830456
50,0.1423384134,0.1635614968,0.8043785759,0.2318683066,0.1192480668,0.2058198473
51,0.1403954982,0.1645690728,0.8491070147,0.2418557164,0.1161727154,0.2046322803
52,0.1352982306,0.1596545105,0.8722588698,0.2318590694,0.1163986994,0.2045907749
53,0.1349633061,0.1619769942,0.8927802826,0.2404265129,0.1145684950,0.2102101161
54,0.1484532993,0.1763852828,0.8912983830,0.2587400810,0.1265926623,0.2181527390
55,0.1531263572,0.1816895020,0.9136659416,0.2654644388,0.1333589455,0.2290580674
56,0.1704756038,0.1988965564,0.9130306952,0.2831004747,0.1459859433,0.2543429135
57,0.1697060768,0.1973473222,0.9301659079,0.2702268415,0.1396601307,0.2495385061
58,0.1656566161,0.1994114941,0.9076071850,0.2860394199,0.1432454832,0.2505721788
59,0.1733350668,0.2046495816,0.9140911661,0.2872038889,0.1514687030,0.2561799886
60,0.1692569687,0.1970981284,0.9210893146,0.2870468236,0.1471586400,0.2481478774
61,0.1690294676,0.1971040352,0.9200979428,0.2858071285,0.1434191399,0.2499261657
62,0.1662781513,0.1995573252,0.8844945659,0.2842676027,0.1498408902,0.2535237781
63,0.1722256353,0.2022483027,0.8873328653,0.2960413299,0.1511748886,0.2495871240
64,0.1526321718,0.1824417885,0.9059043858,0.2605959965,0.1346290832,0.2301065133
65,0.1500008364,0.1782160727,0.9038818640,0.2641711959,0.1327021598,0.2377278481
66,0.1520202938,0.1799865645,0.8530327163,0.2553728922,0.1278590484,0.2296785310
67,0.1429552264,0.1654491953,0.8694847699,0.2353763473,0.1193668467,0.2077608221
68,0.1419558972,0.1678681618,0.8819528578,0.2389267481,0.1207612264,0.2048006875
69,0.1347974897,0.1623139096,0.8557989819,0.2346015029,0.1187431076,0.2039552082
70,0.1448608371,0.1732769855,0.8319291680,0.2505196952,0.1275927070,0.2190170460
71,0.1460892305,0.1729200140,0.8165094963,0.2483548929,0.1260113391,0.2158193607
72,0.1423550391,0.1641035337,0.8136391247,0.2359318153,0.1194294960,0.2120045934
73,0.1343716209,0.1606216186,0.8386148601,0.2389813964,0.1170430252,0.1964169992
74,0.1375048526,0.1628742846,0.8596485796,0.2371721511,0.1150583486,0.2054779304
75,0.1426475498,0.1753679928,0.8457940252,0.2411116528,0.1201930735,0.2164631275
76,0.1500451012,0.1786475092,0.8549539328,0.2506583704,0.1305183628,0.2228065942
77,0.1449923589,0.1713501014,0.8081835858,0.2448784768,0.1269109228,0.2086679478
78,0.1355658614,0.1615710888,0.8031110692,0.2351865360,0.1174854048,0.1931486551
79,0.1410004378,0.1648584420,0.8101401329,0.2343470153,0.1207960664,0.2026800624
80,0.1342863173,0.1546109373,0.8021234180,0.2239495977,0.1167305167,0.1958004186
81,0.1326042207,0.1553002346,0.7600805755,0.2187947567,0.1149472820,0.1944049349
82,0.1252716193,0.1523407834,0.7700406776,0.2198668793,0.1094929805,0.1876992687
83,0.1255589712,0.1510305855,0.7978166767,0.2217558257,0.1093045492,0.1894448120
84,0.1310448098,0.1606698374,0.8023547681,0.2280765014,0.1146411740,0.1976763640
85,0.1306729449,0.1552734534,0.8347351456,0.2320797843,0.1102657871,0.1929766025
86,0.1307257351,0.1519614603,0.8292954427,0.2205356976,0.1084383317,0.1914778838
87,0.1436462218,0.1667202202,0.8584838357,0.2405398561,0.1186570243,0.2064843652
88,0.1413037741,0.1699342097,0.8951088547,0.2465153065,0.1226151428,0.2110204725
89,0.1507241294,0.1759135078,0.8856212407,0.2477140696,0.1236299555,0.2130647680
90,0.1338921094,0.1581643453,0.8571308324,0.2335818024,0.1099450790,0.1985889036
91,0.1425034806,0.1698029120,0.8551463976,0.2450966211,0.1266706850,0.2120894295
92,0.1560061971,0.1799793645,0.8930401906,0.2576512210,0.1366919508,0.2297380316
93,0.1582648008,0.1852767244,0.8957559794,0.2651938130,0.1361061337,0.2316555683
94,0.1472639819,0.1777427723,0.8746429147,0.2549892347,0.1288658563,0.2232626602
95,0.1426752752,0.1690515374,0.8713244896,0.2420116831,0.1214216638,0.2146482068
96,0.1456525375,0.1702775010,0.8473655268,0.2419721604,0.1259373499,0.2182120507
97,0.1432839253,0.1696163506,0.9019437550,0.2478926979,0.1205501042,0.2089037903
98,0.1502917199,0.1790779697,0.8935262225,0.2544429873,0.1190789719,0.2238459216
99,0.1548369207,0.1803327363,0.8773655138,0.2556699615,0.1230023250,0.2234140283
100,0.1470022618,0.1716930033,0.9184023015,0.2514260853,0.1267747349,0.2167735959
101,0.1587819672,0.1874821793,0.9331987081,0.2742427771,0.1369951357,0.2314457938
102,0.1706458696,0.1968382937,0.9267916786,0.2857799928,0.1515219474,0.2410702588
103,0.1580839544,0.1860357334,0.8988114544,0.2680099796,0.1345595839,0.2334698916
104,0.1539891979,0.1852319808,0.9442278646,0.2710716947,0.1336467858,0.2331722658
105,0.1632554407,0.1920030266,0.9848644173,0.2794230128,0.1415995158,0.2423671635
106,0.1736691395,0.2058672736,0.9693367003,0.2973954733,0.1561022225,0.2548081560
107,0.1820697861,0.2161444033,0.9696027409,0.2985056731,0.1650759395,0.2652565118
108,0.1865609584,0.2108245055,1.0022768234,0.2961622839,0.1614983682,0.2638707600
109,0.1843257497,0.2173185808,0.9506645094,0.3109620792,0.1618488309,0.2707075301
110,0.1802933486,0.2169775054,0.9393701523,0.2963698277,0.1612974495,0.2635370311
111,0.1702551629,0.2039511575,0.9370154558,0.2899455521,0.1568074170,0.2543704652
112,0.1728079486,0.2006963808,0.9440496589,0.2921401700,0.1536925657,0.2573604387
113,0.1562250731,0.1888218774,0.9199076303,0.2697040210,0.1338934403,0.2368781183
114,0.1565457009,0.1862905040,0.9128749203,0.2705015154,0.1326719950,0.2418140700
115,0.1622270670,0.1873457402,0.8867777564,0.2713677071,0.1377832678,0.2366685599
116,0.1590210998,0.1917121079,0.9331984004,0.2748225869,0.1460734824,0.2411435839
117,0.1553915065,0.1776627134,0.9220898491,0.2625917732,0.1344186089,0.2276064813
118,0.1625457678,0.1957211894,0.9311998320,0.2739551000,0.1391544069,0.2408397764
119,0.1581726546,0.1917289998,0.9533457009,0.2679785564,0.1381394902,0.2372904752
120,0.1600960250,0.1877498528,0.9049018929,0.2612385013,0.1368472790,0.2294670683
121,0.1583349022,0.1803679487,0.9466666044,0.2685317391,0.1324033605,0.2278805002
122,0.1734183886,0.2112392801,0.9624947425,0.3035033004,0.1562955920,0.2576288016
123,0.1582958466,0.1861851476,0.9321260912,0.2696852794,0.1433604816,0.2290849754
124,0.1623108742,0.1933857804,0.9003088025,0.2733437151,0.1418152428,0.2438957031
125,0.1642729445,0.1925922910,0.9237760329,0.2726344697,0.1422947355,0.2397399687
126,0.1593755233,0.1878946418,0.9090239876,0.2696736949,0.1415993851,0.2345262696
127,0.1562192332,0.1854148779,0.8963595360,0.2603851613,0.1375684141,0.2300868360
128,0.1470953834,0.1674298962,0.8901952323,0.2417793198,0.1259479201,0.2073235272
129,0.1440526724,0.1681594652,0.8641757696,0.2442152974,0.1242425491,0.2049351602
130,0.1332095488,0.1583583047,0.8720225270,0.2386266363,0.1155853367,0.2130280199
131,0.1312055910,0.1524939446,0.8651815880,0.2213662382,0.1100635522,0.1917790338
132,0.1338519829,0.1565101611,0.8479154401,0.2239870604,0.1201319981,0.1954290812
133,0.1306275191,0.1523231487,0.8835415678,0.2202222089,0.1114172818,0.1965953036
134,0.1455668972,0.1718836896,0.9007436445,0.2454158634,0.1207155133,0.2027714749
135,0.1409788628,0.1692454364,0.9066647761,0.2425612704,0.1201159098,0.2119083593
136,0.1395276426,0.1692378848,0.8669927831,0.2421938796,0.1174517084,0.2040455567
137,0.1430200259,0.1657451463,0.9141780856,0.2528220571,0.1185568473,0.2099635859
138,0.1557835427,0.1837960733,0.9666584300,0.2687196958,0.1304075778,0.2235127488
139,0.1506337839,0.1795542840,0.9362135354,0.2587896712,0.1309638075,0.2237681390
140,0.1552438306,0.1824280247,0.9151839529,0.2577385952,0.1347459063,0.2274581552
141,0.1597451345,0.1858757223,0.9597168703,0.2678997458,0.1378471886,0.2291704230
142,0.1587397325,0.1914820953,0.9754423575,0.2793826640,0.1399475150,0.2464601200
143,0.1726641866,0.2006970369,0.9934451288,0.2907907120,0.1458888561,0.2389440373
144,0.1729219679,0.2060609743,0.9809391033,0.3015434274,0.1526578015,0.2571867625
145,0.1692034730,0.2017754969,0.9685143936,0.2840857819,0.1487293646,0.2473775212
146,0.1654804658,0.1927410062,0.9654850026,0.2729591804,0.1502835974,0.2485628548
147,0.1551251811,0.1828192306,0.9315979310,0.2504162361,0.1369768208,0.2357960367
148,0.1555881161,0.1835384722,0.9046343941,0.2582299723,0.1373622828,0.2322785633
149,0.1499169297,0.1764836762,0.9415830243,0.2467588511,0.1286296543,0.2238512744
150,0.1475142799,0.1750207093,0.9663928754,0.2479516762,0.1286764293,0.2314521328
151,0.1431690847,0.1737671614,0.9400935506,0.2489020309,0.1218996283,0.2243489168
152,0.1721780934,0.1998160408,0.9498331430,0.2760337335,0.1479050289,0.2504469547
153,0.1699405550,0.1993934356,0.9973827353,0.2851541184,0.1443167201,0.2521193711
154,0.1643927230,0.1939659276,0.9344826778,0.2770880115,0.1468898851,0.2382750645
155,0.1541821307,0.1819547052,0.9112597503,0.2659465467,0.1362592213,0.2361297993
156,0.1693797344,0.1951723923,0.9411635884,0.2685484791,0.1461629209,0.2383538233
157,0.1498801662,0.1789014155,0.8986229903,0.2494713067,0.1353987772,0.2302394903
158,0.1462307480,0.1761528043,0.8973810446,0.2457300584,0.1314250239,0.2303686278
159,0.1547005980,0.1868594192,0.9076612041,0.2619797762,0.1315998685,0.2289689990
160,0.1547328650,0.1811137019,0.9187916786,0.2669802279,0.1292142436,0.2318479281
161,0.1583159455,0.1855236880,0.8872591699,0.2637193081,0.1362269152,0.2316935283
162,0.1489698024,0.1846828584,0.9275574255,0.2587230203,0.1330568786,0.2341964017
163,0.1623002363,0.1912043747,0.9458009340,0.2740604086,0.1396690678,0.2395417333
164,0.1673418851,0.1994074372,0.9228887859,0.2706847452,0.1480960331,0.2508549145
165,0.1628444406,0.1905290853,0.8969109837,0.2688002719,0.1446454020,0.2441920695
166,0.1624875834,0.1899477071,0.9130173982,0.2768833538,0.1448981991,0.2398973899
167,0.1708870336,0.2034514749,0.9548446629,0.2870657930,0.1480745536,0.2529762018
168,0.1696107129,0.1958551880,0.9276887306,0.2853447703,0.1479606556,0.2533029246
169,0.1570020531,0.1834005051,0.9142218728,0.2694844732,0.1375919934,0.2399219875
170,0.1682995874,0.1988990415,0.9482686964,0.2829571281,0.1446533578,0.2453658283
171,0.1561998734,0.1894699214,0.9212580152,0.2629545366,0.1395680535,0.2346645110
172,0.1578207465,0.1809051286,0.8947936372,0.2561885684,0.1381832360,0.2269870147
173,0.1536394463,0.1784517842,0.8811178337,0.2515663002,0.1306666754,0.2251382572
174,0.1548415882,0.1804417771,0.9070266020,0.2504366461,0.1342476325,0.2286110085
175,0.1552469883,0.1839860261,0.9251495080,0.2625084272,0.1341653012,0.2313432680
176,0.1534648722,0.1857169614,0.8709734875,0.2584086855,0.1351849870,0.2309582755
177,0.1560836731,0.1815577114,0.8552310618,0.2406978092,0.1416808022,0.2251282357
178,0.1442277150,0.1681160989,0.8874613100,0.2433568164,0.1225553783,0.2173208442
179,0.1460635282,0.1671567928,0.8946476021,0.2405982863,0.1270389145,0.2133753465
